time,x,y,yaw,v,vx,vy,omega,ax,s
0.0,0.0,0.0,3.026735119288532,0.0,-0.0,0.0,0.0,0.0,0.0
1.0,-0.0993411121700094,0.011460516254759523,3.026735119288532,0.2,-0.19868222434001884,0.022921032509519046,0.0,0.2,0.1
1.414213562373095,-0.1986822243400188,0.022921032509519046,3.026735119288532,0.28284271247461906,-0.28097909626410855,0.03241523503855646,0.0,0.20000000000000015,0.2
1.7320508075688772,-0.29802333651002827,0.034381548764278576,3.026735119288532,0.3464101615137755,-0.3441277071177105,0.03970039286842496,0.0,0.2,0.30000000000000004
1.9999999999999998,-0.3973644486800376,0.04584206501903809,3.0297190213083227,0.4,-0.3974994677075543,0.04465616611634958,0.011136073942666733,0.19999999999999996,0.4
2.2360679774997894,-0.4967392268015844,0.05700609657149302,3.030317995108605,0.4472135954999579,-0.44444774071515675,0.049660907897387446,0.002537293734737154,0.19999999999999996,0.5
2.449489742783178,-0.5961207628701135,0.06811061315978446,3.030317995108605,0.4898979485566356,-0.4868681064437972,0.054400798963171106,0.0,0.19999999999999984,0.6
2.6515307716504655,-0.6955022989386426,0.0792151297480759,3.030317995108605,0.5,-0.49690768034264576,0.05552258294145724,0.0,0.05000000000000011,0.7
2.8515307716504656,-0.7948838350071717,0.09031964633636735,3.035779219540463,0.5,-0.49720349001138414,0.05280804408893989,0.0273061221592896,0.0,0.7999999999999999
3.051530771650466,-0.89432378769152,0.10088117599384606,3.0385240634393114,0.5,-0.4973465666608559,0.05144310090438576,0.013724219494242173,0.0,0.8999999999999999
3.251530771650466,-0.9937931010236912,0.11116979617472324,3.038524063439311,0.5,-0.49734656666085586,0.05144310090438598,-2.220446049250311e-15,0.0,0.9999999999999999
3.451530771650466,-1.0932624143558622,0.1214584163556004,3.0385240634393114,0.5,-0.4973465666608559,0.05144310090438576,2.220446049250311e-15,0.0,1.0999999999999999
3.6515307716504664,-1.1927317276880336,0.13174703653647757,3.046036182991007,0.5,-0.4977189767004623,0.04770555766621616,0.03756059775847916,0.0,1.2
3.8515307716504665,-1.292272744020739,0.14128788170636444,3.0534688560731293,0.5,-0.4980598051631821,0.04400489155552009,0.03716336541061068,0.0,1.3
4.051530771650467,-1.3918847050533758,0.1500888600174685,3.0534688560731293,0.5,-0.4980598051631821,0.04400489155552009,0.0,0.0,1.4000000000000001
4.251530771650467,-1.4914966660860123,0.1588898383285725,3.053468856073129,0.5,-0.4980598051631821,0.044004891555520315,-2.220446049250311e-15,0.0,1.5000000000000002
4.451530771650467,-1.5911086271186488,0.16769081663967655,3.0624050814783437,0.5,-0.4984331511287716,0.03955241908964772,0.04468112702607381,0.0,1.6000000000000003
4.651530771650467,-1.690788119501338,0.1756007340447187,3.0784304979383377,0.5,-0.4990029670579076,0.03156008345053604,0.08012708229996994,0.0,1.7000000000000004
4.851530771650467,-1.7905887129129194,0.1819127507348259,3.0784304979383377,0.5,-0.4990029670579076,0.03156008345053604,0.0,0.0,1.8000000000000005
5.051530771650468,-1.8903893063245012,0.18822476742493313,3.0784304979383372,0.5,-0.4990029670579076,0.031560083450536264,-2.220446049250311e-15,0.0,1.9000000000000006
5.251530771650467,-1.9901898997360825,0.19453678411504036,3.088647591733018,0.5,-0.4992993687954443,0.0264601647854079,0.05108546897340434,0.0,2.0000000000000004
5.451530771650467,-2.090034772885741,0.19982802212099196,3.118052379864171,0.5,-0.4998614702755315,0.011769049833521093,0.14702394065576374,0.0,2.1000000000000005
5.651530771650467,-2.190007066940847,0.2021818320876962,3.118052379864171,0.5,-0.4998614702755315,0.011769049833521093,0.0,0.0,2.2000000000000006
5.851530771650467,-2.289979360995954,0.20453564205440042,3.118052379864171,0.5,-0.4998614702755315,0.011769049833521093,0.0,0.0,2.3000000000000007
6.051530771650468,-2.38995165505106,0.20688945202110465,3.132774552163375,0.5,-0.4999805603977757,0.004408993572932994,0.07361086149602063,0.0,2.400000000000001
6.251530771650468,-2.4899139411184277,0.20777095244675337,-3.104457638647185,0.5,-0.49965528728253916,-0.01856324030451681,0.22976558184513263,0.0,2.500000000000001
6.451530771650468,-2.589844998574936,0.20405830438585,-3.104457638647185,0.5,-0.49965528728253916,-0.01856324030451681,0.0,0.0,2.600000000000001
6.651530771650468,-2.6897760560314437,0.20034565632494664,-3.104457638647185,0.5,-0.49965528728253916,-0.01856324030451681,0.0,0.0,2.700000000000001
6.851530771650468,-2.7897071134879514,0.19663300826404326,-3.071546841152252,0.5,-0.4987738974770679,-0.03499427375350641,0.16455398747466474,0.0,2.800000000000001
7.0515307716504685,-2.889367611651312,0.18964076834775973,-3.0141047520674142,0.5,-0.495942209205891,-0.06357141753949075,0.28721044542418833,0.0,2.9000000000000012
7.251530771650469,-2.98855605349249,0.1769264848398616,-3.0141047520674142,0.5,-0.495942209205891,-0.06357141753949075,0.0,0.0,3.0000000000000013
7.451530771650469,-3.087744495333668,0.16421220133196346,-3.0141047520674147,0.5,-0.495942209205891,-0.06357141753949053,-2.220446049250311e-15,0.0,3.1000000000000014
7.651530771650469,-3.1869329371748467,0.15149791782406533,-2.9254496304122344,0.5,-0.4883659474969067,-0.10723199767536067,0.4432756082759011,0.0,3.2000000000000015
7.851530771650469,-3.2844230581513636,0.1300917152018182,-2.883161123612509,0.5,-0.48339600620068307,-0.12778224129052188,0.2114425339986268,0.0,3.3000000000000016
8.05153077165047,-3.3811022593915,0.10453526694371383,-2.8831611236125094,0.5,-0.4833960062006831,-0.12778224129052165,-2.220446049250311e-15,0.0,3.4000000000000017
8.251530771650469,-3.477781460631637,0.07897881868560944,-2.843770977519851,0.5,-0.47798898038706017,-0.14671923741806533,0.19695073046329295,0.0,3.5000000000000018
8.451530771650468,-3.5731087462937436,0.04971800466819705,-2.7001592427792813,0.5,-0.4520700938569307,-0.21361795392753358,0.7180586737028508,0.0,3.600000000000002
8.651530771650467,-3.66352276506513,0.006994413882690294,-2.7001592427792813,0.5,-0.4520700938569307,-0.21361795392753358,0.0,0.0,3.700000000000002
8.851530771650467,-3.753936783836516,-0.03572917690281646,-2.7001592427792813,0.5,-0.4520700938569307,-0.21361795392753358,0.0,0.0,3.800000000000002
9.051530771650466,-3.8443508026079023,-0.07845276768832322,-2.468392758456917,0.5,-0.3909152831669721,-0.3117454753264047,1.158832421611826,0.0,3.900000000000002
9.251530771650465,-3.9224522378212208,-0.14073677164692688,-2.459419616155174,0.5,-0.38810224658118164,-0.31524061635303224,0.04486571150871493,0.0,4.000000000000002
9.451530771650464,-4.000072687137457,-0.20378489491753288,-2.4594196161551825,0.5,-0.3881022465811843,-0.31524061635302897,-4.21884749357561e-14,0.0,4.100000000000001
9.651530771650464,-4.077693136453694,-0.26683301818813887,-2.231904716644921,0.5,-0.3069960472747733,-0.3946560869385713,1.137574497551312,0.0,4.200000000000001
9.851530771650463,-4.138678041474655,-0.34523163012971647,-2.1726615058969663,0.5,-0.2830904445392394,-0.41214051027601717,0.2962160537397739,0.0,4.300000000000001
10.051530771650462,-4.195296130382503,-0.4276597321849195,-2.1726615058969743,0.5,-0.2830904445392427,-0.4121405102760149,-3.996802888650578e-14,0.0,4.4
10.251530771650462,-4.251914219290351,-0.5100878342401224,-2.081436651171631,0.5,-0.24436799317377833,-0.43621586847823435,0.4561242736267184,0.0,4.5
10.45153077165046,-4.3005112054138905,-0.5968372330954347,-1.9572471024714417,0.5,-0.1884516588350141,-0.46312630273212885,0.6209477435009481,0.0,4.6
10.65153077165046,-4.338201537180893,-0.6894624936418603,-1.957247102471434,0.5,-0.1884516588350105,-0.4631263027321303,3.885780586188062e-14,0.0,4.699999999999999
10.85153077165046,-4.375891868947895,-0.7820877541882858,-1.9572471024714422,0.5,-0.1884516588350143,-0.46312630273212874,-4.107825191113094e-14,0.0,4.799999999999999
11.051530771650459,-4.413582200714898,-0.8747130147347113,-1.8533333178215379,0.5,-0.13939647280751094,-0.4801756172160607,0.5195689232495234,0.0,4.899999999999999
11.251530771650458,-4.441393414910928,-0.9705136234097068,-1.8063269708578338,0.5,-0.11667950583361035,-0.48619532383438707,0.2350317348185213,0.0,4.999999999999998
11.451530771650457,-4.4647293160776504,-1.067752688176584,-1.8063269708578256,0.5,-0.11667950583360635,-0.486195323834388,4.107825191113094e-14,0.0,5.099999999999998
11.651530771650457,-4.488065217244372,-1.164991752943461,-1.806326970857834,0.5,-0.11667950583361046,-0.486195323834387,-4.21884749357561e-14,0.0,5.1999999999999975
11.851530771650456,-4.511401118411094,-1.262230817710338,-1.7483785037615693,0.5,-0.08832514625523374,-0.49213683924188356,0.2897423354813244,0.0,5.299999999999997
12.051530771650455,-4.529043271157662,-1.3605307204926032,-1.7036740536469688,0.5,-0.06624352309917236,-0.49559236843136456,0.2235222505730036,0.0,5.399999999999997
12.251530771650454,-4.542291975777497,-1.4596491941788756,-1.7036740536469688,0.5,-0.06624352309917236,-0.49559236843136456,0.0,0.0,5.4999999999999964
12.451530771650454,-4.555540680397331,-1.558767667865148,-1.7036740536469688,0.5,-0.06624352309917236,-0.49559236843136456,0.0,0.0,5.599999999999996
12.651530771650453,-4.5687893850171655,-1.6578861415514206,-1.6957856175532937,0.5,-0.06233205384677118,-0.4960995011721371,0.039442180468375464,0.0,5.699999999999996
12.851530771650452,-4.581252769126986,-1.7570819526664925,-1.6342431947757032,0.5,-0.03170215446657306,-0.4989939612882881,0.3077121138879535,0.0,5.799999999999995
13.051530771650452,-4.587593200020301,-1.8568807449241498,-1.6342431947757121,0.5,-0.031702154466577495,-0.4989939612882878,-4.440892098500642e-14,0.0,5.899999999999995
13.251530771650451,-4.593933630913616,-1.956679537181807,-1.6342431947757032,0.5,-0.03170215446657306,-0.4989939612882881,4.440892098500642e-14,0.0,5.999999999999995
13.45153077165045,-4.600274061806931,-2.0564783294394644,-1.6342431947757123,0.5,-0.031702154466577606,-0.49899396128828777,-4.551914400963158e-14,0.0,6.099999999999994
13.65153077165045,-4.606614492700246,-2.1562771216971215,-1.6137231034341164,0.5,-0.021456797133480875,-0.4995393936986078,0.10260045670798004,0.0,6.199999999999994
13.851530771650449,-4.610904657957219,-2.2561571987656084,-1.5865999340344719,0.5,-0.007901474706049133,-0.4999375627990656,0.1356158469982232,0.0,6.299999999999994
14.051530771650448,-4.612484952898429,-2.3561447113254212,-1.586599934034463,0.5,-0.007901474706044692,-0.49993756279906565,4.440892098500642e-14,0.0,6.399999999999993
14.251530771650447,-4.614065247839638,-2.456132223885234,-1.5865999340344719,0.5,-0.007901474706049133,-0.4999375627990656,-4.440892098500642e-14,0.0,6.499999999999993
14.451530771650447,-4.615645542780848,-2.556119736445047,-1.5865999340344719,0.5,-0.007901474706049133,-0.4999375627990656,0.0,0.0,6.5999999999999925
14.651530771650446,-4.617225837722057,-2.65610724900486,-1.5654833223597424,0.5,0.002656489719630169,-0.4999929430125684,0.1055830583736476,0.0,6.699999999999992
14.851530771650445,-4.61669461348363,-2.756091965078943,-1.5523439308335263,0.5,0.009225674416830643,-0.4999148796860868,0.06569695763108087,0.0,6.799999999999992
15.051530771650445,-4.614849478600264,-2.85607494101616,-1.5523439308335174,0.5,0.009225674416835083,-0.4999148796860867,4.440892098500642e-14,0.0,6.8999999999999915
15.251530771650444,-4.613004343716897,-2.956057916953377,-1.5523439308335263,0.5,0.009225674416830643,-0.4999148796860868,-4.440892098500642e-14,0.0,6.999999999999991
15.451530771650443,-4.611159208833531,-3.056040892890594,-1.5523439308335263,0.5,0.009225674416830643,-0.4999148796860868,0.0,0.0,7.099999999999991
15.651530771650442,-4.609314073950165,-3.1560238688278113,-1.5315167297435697,0.5,0.019634748584451887,-0.49961432790506055,0.10413600544978345,0.0,7.19999999999999
15.851530771650442,-4.605387385431412,-3.255940088113797,-1.5251295213097378,0.5,0.022825467223017766,-0.4994787263198013,0.03193604216915957,0.0,7.29999999999999
16.05153077165044,-4.600822291986808,-3.355835833377757,-1.525129521309729,0.5,0.0228254672230222,-0.49947872631980106,4.440892098500642e-14,0.0,7.39999999999999
16.25153077165044,-4.596257198542204,-3.455731578641717,-1.5251295213097378,0.5,0.022825467223017766,-0.4994787263198013,-4.440892098500642e-14,0.0,7.499999999999989
16.45153077165044,-4.5916921050976,-3.555627323905677,-1.5251295213097376,0.5,0.022825467223017877,-0.4994787263198013,1.1102230246251605e-15,0.0,7.599999999999989
16.65153077165044,-4.5871270116529965,-3.6555230691696363,-1.5008696943942073,0.5,0.03493482961363779,-0.498778064553631,0.12129913457765194,0.0,7.699999999999989
16.851530771650438,-4.580140126717256,-3.7552775257978426,-1.4999141516925887,0.5,0.03541141733159239,-0.4987444551296463,0.004777713508092879,0.0,7.799999999999988
17.051530771650437,-4.573057843250938,-3.8550264168237716,-1.4999141516925976,0.5,0.03541141733158796,-0.49874445512964666,-4.440892098500642e-14,0.0,7.899999999999988
17.251530771650437,-4.56597555978462,-3.9547753078497005,-1.4999141516925887,0.5,0.03541141733159239,-0.4987444551296463,4.440892098500642e-14,0.0,7.999999999999988
17.451530771650436,-4.558893276318302,-4.0545241988756295,-1.4921512802266577,0.5,0.039282000566032656,-0.4984545359724698,0.03881435732965524,0.0,8.099999999999987
17.651530771650435,-4.551037475687545,-4.154207499157488,-1.4724923047000067,0.5,0.049072884399277164,-0.49758602474018016,0.09829487763325519,0.0,8.199999999999987
17.851530771650435,-4.54122289880769,-4.253724704105524,-1.4724923047000067,0.5,0.049072884399277164,-0.49758602474018016,0.0,0.0,8.299999999999986
18.051530771650434,-4.5314083219278345,-4.35324190905356,-1.4724923047000058,0.5,0.0490728843992776,-0.4975860247401801,4.440892098500642e-15,0.0,8.399999999999986
18.251530771650433,-4.521593745047979,-4.452759114001595,-1.4724923047000156,0.5,0.049072884399272744,-0.4975860247401806,-4.8849813083507064e-14,0.0,8.499999999999986
18.451530771650432,-4.5117791681681245,-4.552276318949631,-1.445962561637241,0.5,0.06225489692028445,-0.4961091894023379,0.13264871531387382,0.0,8.599999999999985
18.65153077165043,-4.499329292660604,-4.651489360039475,-1.4392790285565686,0.5,0.06556924396775393,-0.49568202937518036,0.03341766540336145,0.0,8.699999999999985
18.85153077165043,-4.486215443867053,-4.750625765914511,-1.4392790285565686,0.5,0.06556924396775393,-0.49568202937518036,0.0,0.0,8.799999999999985
19.05153077165043,-4.473101595073502,-4.849762171789546,-1.4392790285565598,0.5,0.06556924396775833,-0.4956820293751798,4.440892098500642e-14,0.0,8.899999999999984
19.25153077165043,-4.459987746279951,-4.948898577664582,-1.4150329768918641,0.5,0.0775671263726161,-0.49394669844659816,0.12123025832347854,0.0,8.999999999999984
19.45153077165043,-4.44447767786971,-5.0476665408751415,-1.3971833461312333,0.5,0.08637106790225331,-0.4924835414807528,0.08924815380315453,0.0,9.099999999999984
19.651530771650428,-4.427203464289259,-5.146163249171292,-1.397183346131242,0.5,0.08637106790224905,-0.4924835414807535,-4.3298697960381257e-14,0.0,9.199999999999983
19.851530771650427,-4.409929250708809,-5.244659957467443,-1.397183346131242,0.5,0.08637106790224905,-0.4924835414807535,0.0,0.0,9.299999999999983
20.051530771650427,-4.3926550371283595,-5.343156665763593,-1.3718478418935178,0.5,0.09881933317398907,-0.4901374698908951,0.12667752118862108,0.0,9.399999999999983
20.251530771650426,-4.372894172133964,-5.441169271800467,-1.3598585995787793,0.5,0.10468846713293627,-0.4889175031120855,0.059946211573692836,0.0,9.499999999999982
20.451530771650425,-4.351956478707376,-5.538952772422884,-1.3598585995787793,0.5,0.10468846713293627,-0.4889175031120855,0.0,0.0,9.599999999999982
20.651530771650425,-4.331018785280789,-5.636736273045301,-1.3589274190922345,0.5,0.10514369211804075,-0.48881980729895413,0.004655902432724197,0.0,9.699999999999982
20.851530771650424,-4.309990345241715,-5.734498847296144,-1.328453475604373,0.5,0.11998883615361516,-0.4853892038338934,0.15236971743930738,0.0,9.799999999999981
21.051530771650423,-4.285992578010992,-5.831576688062922,-1.328453475604373,0.5,0.11998883615361516,-0.4853892038338934,0.0,0.0,9.89999999999998
21.251530771650422,-4.261994810780269,-5.928654528829701,-1.328453475604373,0.5,0.11998883615361516,-0.4853892038338934,0.0,0.0,9.99999999999998
21.45153077165042,-4.237997043549546,-6.025732369596479,-1.3143642909977362,0.5,0.12681543899832323,-0.4836505395754899,0.07044592303318467,0.0,10.09999999999998
21.65153077165042,-4.212635928282651,-6.122454954637817,-1.3033242285296096,0.5,0.13214713445902504,-0.48222104356225304,0.05520031234063326,0.0,10.19999999999998
21.85153077165042,-4.1862065013908465,-6.218899163350267,-1.3033242285296183,0.5,0.13214713445902088,-0.4822210435622542,-4.3298697960381257e-14,0.0,10.29999999999998
22.05153077165042,-4.1597770744990425,-6.315343372062717,-1.299189943429662,0.5,0.1341396387064901,-0.48167059005890356,0.020671425499780925,0.0,10.399999999999979
22.25153077165042,-4.132949980168477,-6.411674497450966,-1.2841620021962357,0.5,0.1413627368771765,-0.4796004343436254,0.07513970616713243,0.0,10.499999999999979
22.451530771650418,-4.104677432793042,-6.5075945843196905,-1.284162002196238,0.5,0.14136273687717532,-0.47960043434362576,-1.2212453270876766e-14,0.0,10.599999999999978
22.651530771650418,-4.076404885417607,-6.603514671188416,-1.2841620021962357,0.5,0.1413627368771765,-0.4796004343436254,1.2212453270876766e-14,0.0,10.699999999999978
22.851530771650417,-4.048132338042172,-6.69943475805714,-1.2709153522606682,0.5,0.14770324759884743,-0.4776858283943052,0.06623324967783753,0.0,10.799999999999978
23.051530771650416,-4.0185918218577115,-6.794971492517401,-1.2702338870651417,0.5,0.14802873954378923,-0.47758506286218483,0.0034073259776323927,0.0,10.899999999999977
23.251530771650415,-3.9889860739489538,-6.890488505089838,-1.2702338870651417,0.5,0.14802873954378923,-0.47758506286218483,0.0,0.0,10.999999999999977
23.451530771650415,-3.959380326040196,-6.986005517662274,-1.2631562415575395,0.5,0.15140518150671864,-0.4765254148656896,0.03538822753801143,0.0,11.099999999999977
23.651530771650414,-3.929099564458831,-7.081309735994912,-1.2605925804264952,0.5,0.15262633230829303,-0.47613569776495285,0.012818305655221173,0.0,11.199999999999976
23.851530771650413,-3.8985742979971727,-7.176536875547902,-1.2605925804264937,0.5,0.15262633230829376,-0.47613569776495257,7.771561172376124e-15,0.0,11.299999999999976
24.051530771650413,-3.868049031535514,-7.271764015100893,-1.2571569520935264,0.5,0.15426125361900625,-0.4756085214037829,0.017178141664836506,0.0,11.399999999999975
24.251530771650412,-3.8371969346030523,-7.366885245221937,-1.2542551405895823,0.5,0.15564072848213692,-0.4751588825198891,0.014509057519720479,0.0,11.499999999999975
24.45153077165041,-3.806068788906625,-7.461917021725914,-1.2542551405895823,0.5,0.15564072848213692,-0.4751588825198891,0.0,0.0,11.599999999999975
24.65153077165041,-3.774940643210198,-7.556948798229891,-1.2528446461216456,0.5,0.15631078241192053,-0.4749388795432242,0.0070524723396836715,0.0,11.699999999999974
24.85153077165041,-3.743678541864023,-7.651936406611197,-1.2503438593522436,0.5,0.15749801326172913,-0.4745464948965572,0.012503933847010141,0.0,11.799999999999974
25.05153077165041,-3.712178939211677,-7.746845705590509,-1.2503438593522365,0.5,0.1574980132617325,-0.4745464948965561,3.5527136788005136e-14,0.0,11.899999999999974
25.25153077165041,-3.6806793365593307,-7.84175500456982,-1.2499450945029922,0.5,0.15768723319606673,-0.47448365249707947,0.0019938242462214165,0.0,11.999999999999973
25.452093971861302,-3.6491419012275603,-7.9366517010449416,-1.2481468408180023,0.49719190653966877,0.1576498282463726,-0.47153613178890114,0.00896602010288523,-0.014001040357246468,12.099999999999973
25.662093311978552,-3.6174338572765685,-8.031491565810777,-1.248146840818005,0.4551920385162188,0.14433249163413736,-0.4317035137536322,-1.2688303009012673e-14,-0.20000000000000007,12.199999999999973
25.89354994667236,-3.5857258133255767,-8.126331430576613,-1.2481454797261837,0.40890071157745733,0.12965494517538617,-0.38780070541467376,5.880547874771063e-06,-0.20000000000000076,12.299999999999972
26.154799513055973,-3.5540176403098767,-8.221171252121911,-1.2471711013699864,0.3566507983007343,0.11341697906376863,-0.33813663035613245,0.003729684108897349,-0.2000000000000001,12.399999999999972
26.461572960084446,-3.5222170724703696,-8.315980132956382,-1.2471711013699864,0.2952961088950398,0.09390583943659188,-0.27996693599112776,0.0,-0.1999999999999999,12.499999999999972
26.85177784975844,-3.4904165046308626,-8.410789013790852,-1.247171101369992,0.21725513096024074,0.0690883653058202,-0.20597715821886878,-1.4226154694687635e-14,-0.19999999999999993,12.599999999999971
27.51379556625585,-3.4586159367913556,-8.505597894625325,-1.2471711013699835,0.08485158766075913,0.026983286696958774,-0.08044684063144568,1.2745421726465543e-14,-0.19999999999999957,12.69999999999997
27.938053504559647,-3.452892,-8.522663,-1.2471711013699835,0.0,0.0,-0.0,0.0,-0.1999999999999997,12.71799947982135
