index,x,y
0,0.000000000,0.000000000
1,-0.413971680,0.047758000
2,-0.828125825,0.094034319
3,-1.242202160,0.136864154
4,-1.655059225,0.173340496
5,-2.064252517,0.199220633
6,-2.465660579,0.208672353
7,-2.853230045,0.194273032
8,-3.218988499,0.147389160
9,-3.553598559,0.058936550
10,-3.847750101,-0.080058771
11,-4.093831849,-0.279941990
12,-4.284539163,-0.557585282
13,-4.425333398,-0.903590965
14,-4.521564549,-1.304582568
15,-4.580531684,-1.745737307
16,-4.610224252,-2.213091484
17,-4.617831868,-2.694460424
18,-4.608880909,-3.179490612
19,-4.586954363,-3.659308979
20,-4.553815721,-4.126033876
21,-4.509804244,-4.572304100
22,-4.454426772,-4.990935609
23,-4.387106306,-5.374796818
24,-4.310702119,-5.731620332
25,-4.227454167,-6.068382355
26,-4.139049744,-6.390979345
27,-4.046749017,-6.704127640
28,-3.951507866,-7.011404377
29,-3.854071662,-7.315366874
30,-3.755037917,-7.617709898
31,-3.654897020,-7.919437715
32,-3.554061614,-8.221039414
33,-3.452892191,-8.522662918
