time,s,x,y,yaw,v,vx,vy,omega,ax
0.0,0.0,0.0,0.0,3.02673503183349,0.0,-0.0,0.0,0.0,0.0
1.0,0.1,-0.0993411111677291,0.011460524942640618,3.02673503183349,0.2,-0.1986822223354582,0.02292104988528121,0.0,0.2
1.414213562373095,0.2,-0.1986822223354582,0.022921049885281236,3.02673503183349,0.28284271247461906,-0.2809790934292317,0.032415259611594964,0.0,0.20000000000000015
1.7320508075688772,0.30000000000000004,-0.2980233335031873,0.034381574827921854,3.02673503183349,0.3464101615137755,-0.34412770364570966,0.039700422964127846,0.0,0.2
1.9999999999999998,0.4,-0.3973644446709164,0.04584209977056247,3.0297184164778512,0.4,-0.39749944069807164,0.04465640653613188,0.011134143071276843,0.19999999999999996
2.2360679774997894,0.5,-0.4967392160729205,0.057006191431596596,3.0303172727355467,0.4472135954999579,-0.4444477048413389,0.04966122895444818,0.0025367958163493238,0.19999999999999996
2.449489742783178,0.6,-0.5961207441198201,0.06811077981042928,3.0303172727355467,0.4898979485566356,-0.4868680671459987,0.054401150663559925,0.0,0.19999999999999984
2.6515307716504655,0.7,-0.6955022721667197,0.07921536818926195,3.0303172727355467,0.5,-0.49690764023449807,0.05552294189416347,0.0,0.05000000000000011
2.8515307716504656,0.7999999999999999,-0.7948838002136193,0.09031995656809463,3.035779306035705,0.5,-0.49720349457902685,0.052808001083203465,0.027310166500791298,0.0
3.051530771650466,0.8999999999999999,-0.8943237535953387,0.10088147760153318,3.0385245393708393,0.5,-0.4973465911441932,0.051442864201468534,0.013726166675671603,0.0
3.251530771650466,0.9999999999999999,-0.9937930718241773,0.1111700504418269,3.038524539370839,0.5,-0.49734659114419316,0.051442864201468756,-2.220446049250311e-15,0.0
3.451530771650466,1.0999999999999999,-1.0932623900530158,0.12145862328212062,3.0385245393708393,0.5,-0.4973465911441932,0.051442864201468534,2.220446049250311e-15,0.0
3.6515307716504664,1.2,-1.1927317082818547,0.13174719612241437,3.0460371952443404,0.5,-0.49771902499031706,0.04770505384849858,0.03756327936750511,0.0
3.8515307716504665,1.3,-1.2922727338556266,0.14128794049163743,3.053470451963318,0.5,-0.4980598753895225,0.04400409670670774,0.03716628359488713,0.0
4.051530771650467,1.4000000000000001,-1.3918847089335311,0.15008875983297898,3.0534704519633173,0.5,-0.4980598753895225,0.04400409670670796,-2.220446049250311e-15,0.0
4.251530771650467,1.5000000000000002,-1.4914966840114356,0.15888957917432056,3.0534704519633173,0.5,-0.4980598753895225,0.04400409670670796,0.0,0.0
4.451530771650467,1.6000000000000003,-1.5911086590893402,0.16769039851566214,3.0624059018853282,0.5,-0.49843318357768474,0.03955201017159588,0.04467724961005444,0.0
4.651530771650467,1.7000000000000004,-1.690788159142653,0.17560023423668963,3.0784300567052543,0.5,-0.4990029531325061,0.03156030362715075,0.08012077409963007,0.0
4.851530771650467,1.8000000000000005,-1.7905887497691544,0.1819122949621198,3.0784300567052543,0.5,-0.4990029531325061,0.03156030362715075,0.0,0.0
5.051530771650468,1.9000000000000006,-1.8903893403956558,0.18822435568754997,3.078430056705254,0.5,-0.4990029531325061,0.031560303627150975,-2.220446049250311e-15,0.0
5.251530771650467,2.0000000000000004,-1.990189931022157,0.19453641641298014,3.088647006410621,0.5,-0.49929935330763164,0.02646045703650684,0.05108474852683527,0.0
5.451530771650467,2.1000000000000005,-2.0900348019006376,0.19982771290414109,3.118050590272499,0.5,-0.4998614492129375,0.011769944381426476,0.1470179193093911,0.0
5.651530771650467,2.2000000000000006,-2.190007091743225,0.20218170178042638,3.1180505902724995,0.5,-0.4998614492129375,0.011769944381426254,2.220446049250311e-15,0.0
5.851530771650467,2.3000000000000007,-2.289979381585813,0.20453569065671165,3.118050590272499,0.5,-0.4998614492129375,0.011769944381426476,-2.220446049250311e-15,0.0
6.051530771650468,2.400000000000001,-2.3899516714284004,0.20688967953299695,3.1327736498310474,0.5,-0.4999805564191947,0.004409444721553979,0.07361529779274173,0.0
6.251530771650468,2.500000000000001,-2.4899139534218695,0.2077712701289341,-3.1044568566485493,0.5,-0.49965527276595784,-0.018563631034264068,0.22977400349995064,0.0
6.451530771650468,2.600000000000001,-2.5898450079750615,0.20405854392208128,-3.1044568566485493,0.5,-0.49965527276595784,-0.018563631034264068,0.0,0.0
6.651530771650468,2.700000000000001,-2.689776062528253,0.20034581771522847,-3.1044568566485493,0.5,-0.49965527276595784,-0.018563631034264068,0.0,0.0
6.851530771650468,2.800000000000001,-2.7897071170814445,0.19663309150837566,-3.071546564907162,0.5,-0.4987738878100526,-0.03499441153734523,0.1645514587069362,0.0
7.0515307716504685,2.9000000000000012,-2.8893676160354427,0.18964082387037626,-3.0141052518392026,0.5,-0.49594224097703005,-0.06357116968155797,0.28720656533979677,0.0
7.251530771650469,3.0000000000000013,-2.9885560642308486,0.17692658993406468,-3.0141052518392026,0.5,-0.49594224097703005,-0.06357116968155797,0.0,0.0
7.451530771650469,3.1000000000000014,-3.0877445124262546,0.16421235599775308,-3.0141052518392026,0.5,-0.49594224097703005,-0.06357116968155797,0.0,0.0
7.651530771650469,3.2000000000000015,-3.1869329606216605,0.15149812206144148,-2.9254487931034805,0.5,-0.48836585771044516,-0.10723240658840602,0.44328229367861033,0.0
7.851530771650469,3.3000000000000016,-3.2844230541613157,0.1300918398987266,-2.8831587258159566,0.5,-0.48339569980347585,-0.12778340037543165,0.21145033643761948,0.0
8.05153077165047,3.4000000000000017,-3.381102194122011,0.10453515982364023,-2.8831587258159557,0.5,-0.48339569980347574,-0.12778340037543207,4.440892098500622e-15,0.0
8.251530771650469,3.5000000000000018,-3.477781334082706,0.07897847974855385,-2.8437691447629176,0.5,-0.4779887114855577,-0.14672011345543678,0.19694790526519082,0.0
8.451530771650468,3.600000000000002,-3.5731085783552925,0.04971748726277087,-2.7001618408004324,0.5,-0.4520706488393676,-0.21361677943914703,0.7180365198124287,0.0
8.651530771650467,3.700000000000002,-3.6635227081231663,0.0069941313749413495,-2.7001618408004306,0.5,-0.4520706488393672,-0.21361677943914784,8.881784197001284e-15,0.0
8.851530771650467,3.800000000000002,-3.7539368378910396,-0.03572922451288817,-2.7001618408004324,0.5,-0.4520706488393676,-0.21361677943914703,-8.881784197001284e-15,0.0
9.051530771650466,3.900000000000002,-3.8443509676589134,-0.0784525804007177,-2.4683916756048108,0.5,-0.3909149455924984,-0.3117458986296596,1.1588508259781123,0.0
9.251530771650465,4.000000000000002,-3.9224523345578497,-0.14073666823780573,-2.459418581404077,0.5,-0.38810192038540037,-0.3152410179420888,0.04486547100366794,0.0
9.451530771650464,4.100000000000001,-4.00007271863493,-0.2037848718262234,-2.459418581404071,0.5,-0.3881019203853984,-0.31524101794209125,3.1086244689504497e-14,0.0
9.651530771650464,4.200000000000001,-4.077693102712009,-0.26683307541464113,-2.231904341167319,0.5,-0.30699589909023056,-0.3946562022086831,1.1375712011837642,0.0
9.851530771650463,4.300000000000001,-4.1386779840431975,-0.3452317176428888,-2.1726617814734857,0.5,-0.283090558115476,-0.41214043226292213,0.2962127984691676,0.0
10.051530771650462,4.4,-4.195296095666293,-0.427659804095473,-2.172661781473478,0.5,-0.2830905581154729,-0.4121404322629243,3.7747582837255455e-14,0.0
10.251530771650462,4.5,-4.251914207289387,-0.5100878905480573,-2.0814378090428107,0.5,-0.24436849825539683,-0.43621558553128537,0.4561198621533385,0.0
10.45153077165046,4.6,-4.3005112959631475,-0.5968372368929566,-1.9572480062439084,0.5,-0.18845207739573813,-0.46312613241451916,0.620949013994514,0.0
10.65153077165046,4.699999999999999,-4.338201711442295,-0.6894624633758603,-1.9572480062439084,0.5,-0.18845207739573813,-0.46312613241451916,0.0,0.0
10.85153077165046,4.799999999999999,-4.375892126921443,-0.7820876898587639,-1.9572480062439088,0.5,-0.18845207739573833,-0.46312613241451905,-2.220446049250321e-15,0.0
11.051530771650459,4.899999999999999,-4.41358254240059,-0.8747129163416674,-1.8533324949870986,0.5,-0.13939607770242904,-0.4801757319161167,0.5195775562840529,0.0
11.251530771650458,4.999999999999998,-4.441393675256916,-0.9705135392487915,-1.8063251945374572,0.5,-0.11667864219476555,-0.48619553109380376,0.23503650224820788,0.0
11.451530771650457,5.099999999999998,-4.464729403695869,-1.0677526454675519,-1.806325194537466,0.5,-0.11667864219476987,-0.4861955310938027,-4.440892098500642e-14,0.0
11.651530771650457,5.1999999999999975,-4.488065132134823,-1.1649917516863122,-1.806325194537457,0.5,-0.11667864219476544,-0.48619553109380376,4.551914400963158e-14,0.0
11.851530771650456,5.299999999999997,-4.511400860573776,-1.2622308579050727,-1.7483772578864296,0.5,-0.08832453311411184,-0.4921369492836056,0.28973968325513794,0.0
12.051530771650455,5.399999999999997,-4.529042891739028,-1.3605307876156127,-1.703674134534064,0.5,-0.06624356318619926,-0.4955923630731168,0.22351561676182877,0.0
12.251530771650454,5.4999999999999964,-4.542291604376268,-1.4596492602302358,-1.703674134534064,0.5,-0.06624356318619926,-0.4955923630731168,0.0,0.0
12.451530771650454,5.599999999999996,-4.555540317013508,-1.5587677328448588,-1.703674134534064,0.5,-0.06624356318619926,-0.4955923630731168,0.0,0.0
12.651530771650453,5.699999999999996,-4.568789029650747,-1.6578862054594818,-1.6957859948443157,0.5,-0.062332241020654544,-0.49609947765477747,0.0394406984487418,0.0
12.851530771650452,5.799999999999995,-4.581252451339745,-1.757082013093836,-1.6342443804678206,0.5,-0.0317027461197573,-0.4989939236989427,0.3077080718824765,0.0
13.051530771650452,5.899999999999995,-4.587593000563697,-1.8568807978336241,-1.6342443804678206,0.5,-0.0317027461197573,-0.4989939236989427,0.0,0.0
13.251530771650451,5.999999999999995,-4.593933549787648,-1.9566795825734122,-1.6342443804678206,0.5,-0.0317027461197573,-0.4989939236989427,0.0,0.0
13.45153077165045,6.099999999999994,-4.6002740990116,-2.0564783673132006,-1.634244380467821,0.5,-0.03170274611975752,-0.49899392369894263,-2.220446049250321e-15,0.0
13.65153077165045,6.199999999999994,-4.606614648235551,-2.156277152052988,-1.6137236547799096,0.5,-0.021457072552420887,-0.499539381868417,0.10260362843955742,0.0
13.851530771650449,6.299999999999994,-4.610904868464802,-2.256157224516909,-1.5865991392731353,0.5,-0.00790107737500105,-0.4999375690786943,0.135622577533872,0.0
14.051530771650448,6.399999999999993,-4.612485083939802,-2.3561447383326475,-1.5865991392731265,0.5,-0.00790107737499661,-0.49993756907869435,4.440892098500642e-14,0.0
14.251530771650447,6.499999999999993,-4.6140652994148015,-2.456132252148386,-1.5865991392731353,0.5,-0.00790107737500105,-0.4999375690786943,-4.440892098500642e-14,0.0
14.451530771650447,6.5999999999999925,-4.615645514889802,-2.556119765964125,-1.5865991392731353,0.5,-0.00790107737500105,-0.4999375690786943,0.0,0.0
14.651530771650446,6.699999999999992,-4.617225730364802,-2.6561072797798633,-1.5654831840335237,0.5,0.002656558881763328,-0.49999294264510147,0.10557977619805851,0.0
14.851530771650445,6.799999999999992,-4.616694492292508,-2.756091996412626,-1.552343982819128,0.5,0.009225648428454749,-0.49991488016568836,0.06569600607197824,0.0
15.051530771650445,6.8999999999999915,-4.614849362606817,-2.856074972445763,-1.552343982819128,0.5,0.009225648428454749,-0.49991488016568836,0.0,0.0
15.251530771650444,6.999999999999991,-4.613004232921126,-2.9560579484789002,-1.552343982819128,0.5,0.009225648428454749,-0.49991488016568836,0.0,0.0
15.451530771650443,7.099999999999991,-4.611159103235435,-3.056040924512038,-1.552343982819128,0.5,0.009225648428454749,-0.49991488016568836,0.0,0.0
15.651530771650442,7.19999999999999,-4.609313973549744,-3.156023900545175,-1.531517377133516,0.5,0.01963442513915485,-0.49961434061629467,0.10413302842806098,0.0
15.851530771650442,7.29999999999999,-4.605387349694711,-3.2559401229085414,-1.5251305005502147,0.5,0.022824978113220644,-0.4994787486711832,0.03193438291650652,0.0
16.05153077165044,7.39999999999999,-4.600822354072067,-3.355835872642778,-1.5251305005502145,0.5,0.022824978113220755,-0.4994787486711832,1.1102230246251605e-15,0.0
16.25153077165044,7.499999999999989,-4.596257358449423,-3.455731622377014,-1.5251305005502145,0.5,0.022824978113220755,-0.4994787486711832,0.0,0.0
16.45153077165044,7.599999999999989,-4.5916923628267785,-3.55562737211125,-1.5251305005502147,0.5,0.022824978113220644,-0.4994787486711832,-1.1102230246251605e-15,0.0
16.65153077165044,7.699999999999989,-4.587127367204134,-3.6555231218454867,-1.500868381102482,0.5,0.03493548465471252,-0.49877801867357824,0.12131059723866343,0.0
16.851530771650438,7.799999999999988,-4.58014035127536,-3.7552775691027316,-1.4999127675199646,0.5,0.03541210767997967,-0.4987444061136541,0.00477806791258752,0.0
17.051530771650437,7.899999999999988,-4.573057929739364,-3.8550264503254623,-1.4999127675199555,0.5,0.035412107679984206,-0.4987444061136538,4.551914400963158e-14,0.0
17.251530771650437,7.999999999999988,-4.565975508203367,-3.9547753315481926,-1.4999127675199646,0.5,0.03541210767997967,-0.4987444061136541,-4.551914400963158e-14,0.0
17.451530771650436,8.099999999999987,-4.558893086667371,-4.054524212770923,-1.4921505947605833,0.5,0.03928234223969744,-0.498454509045874,0.0388108637969066,0.0
17.651530771650435,8.199999999999987,-4.551037217595314,-4.154207509086278,-1.4724935156369543,0.5,0.04907228185393921,-0.4975860841639842,0.09828539561814544,0.0
17.851530771650435,8.299999999999986,-4.541222761224526,-4.253724725919074,-1.4724935156369623,0.5,0.04907228185393524,-0.4975860841639846,-3.996802888650578e-14,0.0
18.051530771650434,8.399999999999986,-4.5314083048537395,-4.35324194275187,-1.4724935156369543,0.5,0.04907228185393921,-0.4975860841639842,3.996802888650578e-14,0.0
18.251530771650433,8.499999999999986,-4.521593848482952,-4.452759159584667,-1.4724935156369632,0.5,0.04907228185393479,-0.49758608416398464,-4.440892098500642e-14,0.0
18.451530771650432,8.599999999999985,-4.511779392112165,-4.552276376417463,-1.445961810904071,0.5,0.06225526936589126,-0.496109142665382,0.1326585236644611,0.0
18.65153077165043,8.699999999999985,-4.499329442288129,-4.651489406837879,-1.4392777670010413,0.5,0.06556986929810574,-0.49568194665554377,0.03342021951514907,0.0
18.85153077165043,8.799999999999985,-4.486215468428508,-4.750625796168987,-1.4392777670010324,0.5,0.06556986929811014,-0.49568194665554316,4.440892098500642e-14,0.0
19.05153077165043,8.899999999999984,-4.473101494568886,-4.849762185500095,-1.4392777670010402,0.5,0.06556986929810628,-0.4956819466555437,-3.885780586188062e-14,0.0
19.25153077165043,8.999999999999984,-4.459987520709265,-4.948898574831203,-1.415033110419442,0.5,0.07756706041710917,-0.4939467088039443,0.1212232829079911,0.0
19.45153077165043,9.099999999999984,-4.444477465048117,-5.047666542909313,-1.3971847879104962,0.5,0.08637035784960613,-0.49248366600825555,0.0892416125447296,0.0
19.651530771650428,9.199999999999983,-4.427203393478196,-5.146163276110963,-1.3971847879104873,0.5,0.0863703578496105,-0.4924836660082548,4.440892098500642e-14,0.0
19.851530771650427,9.299999999999983,-4.409929321908274,-5.2446600093126134,-1.3971847879104977,0.5,0.08637035784960537,-0.49248366600825566,-5.218048215738254e-14,0.0
20.051530771650427,9.399999999999983,-4.392655250338353,-5.343156742514265,-1.371848064405152,0.5,0.0988192241126972,-0.4901374918793343,0.12668361752672874,0.0
20.251530771650426,9.499999999999982,-4.3728944074045595,-5.441169351699957,-1.3598583939112647,0.5,0.10468856768738176,-0.4889174815810583,0.059948352469436854,0.0
20.451530771650425,9.599999999999982,-4.351956693867083,-5.538952848016168,-1.3598583939112647,0.5,0.10468856768738176,-0.4889174815810583,0.0,0.0
20.651530771650425,9.699999999999982,-4.331018980329607,-5.636736344332379,-1.3589273091901255,0.5,0.10514374584036784,-0.4888197957434377,0.004655423605696168,0.0
20.851530771650424,9.799999999999981,-4.309990529512982,-5.734498916426678,-1.3284536262926718,0.5,0.11998876301114045,-0.48538922191480144,0.1523684144872689,0.0
21.051530771650423,9.89999999999998,-4.285992776910754,-5.8315767608096385,-1.3284536262926698,0.5,0.11998876301114142,-0.4853892219148012,9.992007221626445e-15,0.0
21.251530771650422,9.99999999999998,-4.261995024308526,-5.928654605192598,-1.3284536262926698,0.5,0.11998876301114142,-0.4853892219148012,0.0,0.0
21.45153077165042,10.09999999999998,-4.2379972717062975,-6.025732449575558,-1.31436374052222,0.5,0.12681570523608449,-0.4836504697666224,0.07044942885224972,0.0
21.65153077165042,10.19999999999998,-4.21263610341492,-6.122455019821257,-1.3033230021750999,0.5,0.13214772583287712,-0.48222088150265613,0.055203691735600434,0.0
21.85153077165042,10.29999999999998,-4.186206558248345,-6.218899196121788,-1.3033230021750999,0.5,0.13214772583287712,-0.48222088150265613,0.0,0.0
22.05153077165042,10.399999999999979,-4.1597770130817695,-6.315343372422318,-1.2991890961606447,0.5,0.1341400468110095,-0.4816704764063708,0.020669530072275972,0.0
22.25153077165042,10.499999999999979,-4.132949836998892,-6.411674475561731,-1.28416219229801,0.5,0.1413626457042804,-0.47960046121692385,0.07513451931317387,0.0
22.451530771650418,10.599999999999978,-4.1046773078580365,-6.507594567805115,-1.2841621922980209,0.5,0.14136264570427517,-0.4796004612169254,-5.4400928206632866e-14,0.0
22.651530771650418,10.699999999999978,-4.0764047787171815,-6.6035146600485,-1.2841621922980124,0.5,0.14136264570427923,-0.47960046121692423,4.21884749357561e-14,0.0
22.851530771650417,10.799999999999978,-4.048132249576326,-6.699434752291885,-1.2709155297362973,0.5,0.14770316282125218,-0.47768585460802443,0.06623331280857593,0.0
23.051530771650416,10.899999999999977,-4.018591750336983,-6.794971492028259,-1.2702341179622816,0.5,0.14802862927076024,-0.47758509704158464,0.0034070588700785397,0.0
23.251530771650415,10.999999999999977,-3.9889860244828306,-6.890488511436576,-1.2702341179622834,0.5,0.14802862927075938,-0.4775850970415849,-8.881784197001284e-15,0.0
23.451530771650415,11.099999999999977,-3.959380298628679,-6.986005530844892,-1.2631555399069812,0.5,0.15140551586100476,-0.4765253086320422,0.03539289027651117,0.0
23.651530771650414,11.199999999999976,-3.9290994702547914,-7.081309727686357,-1.2605914912664555,0.5,0.15262685089617797,-0.47613553153016824,0.012820243202628135,0.0
23.851530771650413,11.299999999999976,-3.898574100075556,-7.17653683399239,-1.2605914912664484,0.5,0.15262685089618136,-0.4761355315301672,3.5527136788005136e-14,0.0
24.051530771650413,11.399999999999975,-3.8680487298963198,-7.271763940298423,-1.257156875516804,0.5,0.15426129003954747,-0.47560850959096035,0.017173078748221667,0.0
24.251530771650412,11.499999999999975,-3.837196625588912,-7.366885168337093,-1.2542559236737416,0.5,0.15564035639269516,-0.4751590043995324,0.01450475921531252,0.0
24.45153077165041,11.599999999999975,-3.806068554310373,-7.461916969216999,-1.2542559236737458,0.5,0.15564035639269316,-0.47515900439953307,-2.109423746787805e-14,0.0
24.65153077165041,11.699999999999974,-3.7749404830318345,-7.556948770096905,-1.2528451892435994,0.5,0.15631052446216526,-0.4749389644389717,0.007053672150731963,0.0
24.85153077165041,11.799999999999974,-3.7436784332940554,-7.651936395401011,-1.2503439872731554,0.5,0.15749795255730747,-0.4745465150438428,0.012506009852220102,0.0
25.05153077165041,11.899999999999974,-3.712178842782594,-7.746845698409778,-1.2503439872731583,0.5,0.15749795255730611,-0.47454651504384326,-1.4432899320127086e-14,0.0
25.25153077165041,11.999999999999973,-3.680679252271133,-7.841755001418547,-1.2499450989061995,0.5,0.15768723110681682,-0.47448365319140906,0.001994441834793921,0.0
25.45209398503679,12.099999999999973,-3.6491418173639896,-7.936651698012142,-1.248146324629428,0.4971918410316947,0.15765005087658593,-0.47153598828413495,0.008968615163271484,-0.014001366057570132
25.662093355375642,12.199999999999973,-3.6174337244577472,-8.031491546410635,-1.2481463246294264,0.45519196696392406,0.14433269178667316,-0.4317033713907031,7.401509023418488e-15,-0.2000000000000006
25.89355003057135,12.299999999999972,-3.5857256315515054,-8.126331394809126,-1.2481449707493648,0.40890063192478227,0.12965511730049228,-0.38780056388081985,5.849388705128644e-06,-0.20000000000000015
26.154799655301204,12.399999999999972,-3.55401741026439,-8.221171200216132,-1.247172325762567,0.35665070697881196,0.11341653601091832,-0.3381366826414586,0.0037230483596043125,-0.19999999999999885
26.461573197201062,12.499999999999972,-3.522216958508197,-8.31598011998691,-1.247172325762567,0.29529599859884065,0.09390546157239264,-0.27996694639789604,0.0,-0.199999999999999
26.8517782849746,12.599999999999971,-3.490416506752004,-8.41078903975769,-1.247172325762567,0.2172549810441331,0.06908806543486577,-0.20597710067615366,0.0,-0.20000000000000004
27.513797171131106,12.69999999999997,-3.458616054995811,-8.505597959528469,-1.2471723257625495,0.0848512038128321,0.026983066133050064,-0.08044650974744783,2.6497014142479505e-14,-0.19999999999999965
27.938053190195266,12.717999316971188,-3.452892190885935,-8.522662917514998,-1.2471723257625495,0.0,0.0,-0.0,0.0,-0.20000000000000032
